,gene_name_short,gene_name_long,product,plasmid_name,backbone,sequencing_primer_forward,sequencing_primer_reverse,genbank_source_id,genbank_source_link,genbank_protein_id,genbank_protein_link,locus_tag,uniprot_link,origin_organism,target_organism,description,growth_antibotic,expression_strain,expression_promoter,expression_inducer,cloning_method,cloning_enzyme,cloning_part_type,cloning_prefix,cloning_suffix,insert_sequence,construct_insert_size,ori,copy_number,bsl,export_controls,safety_other_information,attribution,citations,canary_notice,shipping_strain
0,preferably short identifier of the gene/part,longer identifier that provides more information about the gene/part,The name of the larger gene collection within which the part is contained,"a semiformal name by which to identify the plasmid (preferably unique, but doesn't have to be)",the vector backbone that the part is put into,forward primers for sequencing (in the plasmid),reverse primers for sequencing (in the plasmid),ID of gene in the plasmid,actual link to the gene in the plasmid,ID for the protein encoded by the gene ,actual link to the protein encoded by the gene,reference to the genetic locus in the organism genome,link to relevant page on Uniprot,organism the gene comes from,organism (i.e. the codon table) for which the part was codon-optimized,description of the part's purpose/notable properties,selective antibiotic for the gene (in current plasmid backbone),organism/strain to express in,relevant promoter for expression,relevant inducer for expression,Method by which to clone the plasmid (as a user),enzyme with which to clone the plasmid (as a user),"cds, promoter, etc.",5’ sticky end of part,3’ sticky end of part,the sequence for the gene (not including flanking enzyme recognition sites),the size of the insert (bp),origin of replication,the copy number for the ori,biosafety level,whether or not there are controls on export,other miscellaneous info about safety,to the author and/or creator of the plasmid part,original publication containing this part (if any),we are unaware of any 3rd party property rights on the use of this item,
1,pE-FLP,,,,pKD46,GGAATAAGGGCGACACGGAAATGTTGAATA,CCGTTACATATCAAAGGGAAAACTGTCC,,,,,,,,,Grown at E811 (P2 lysogen),"Ampicillin, low (50ug/mL)",,,,Unknown,,,,,,,,Low Copy,BSL1,None,,"Drew Endy, Keith Shearwin","One-step cloning and chromosomal integration of DNA. St-Pierre F, Cui L, Priest DG, Endy D, Dodd IB, Shearwin KE. ACS Synth Biol. 2013 Sep 20;2(9):537-41. doi: 10.1021/sb400021j. Epub 2013 May 20. 10.1021/sb400021j   PubMed 24050148",we are unaware of any 3rd party property rights on the use of this item,E811 (P2 lysogen)
2,"pOSIP-CH (CamR, HK022)",,,,pOSIP,TAAACTGCCAGGAATTGGGGATC,GAAACGCAAAAAGGCCATCCGTC,,,,,,,,,Grown at DB3.1,Chloramphenicol,,,,,,,,,,,,High Copy,BSL1,None,,"Drew Endy, Keith Shearwin","One-step cloning and chromosomal integration of DNA. St-Pierre F, Cui L, Priest DG, Endy D, Dodd IB, Shearwin KE. ACS Synth Biol. 2013 Sep 20;2(9):537-41. doi: 10.1021/sb400021j. Epub 2013 May 20. 10.1021/sb400021j   PubMed 24050148",we are unaware of any 3rd party property rights on the use of this item,DB3.1
3,"pOSIP-KO (KanR, 186)",,,,pOSIP,TAAACTGCCAGGAATTGGGGATC,GAAACGCAAAAAGGCCATCCGTC,,,,,,,,,Grown at DB3.1,Kanamycin,,,,,,,,,,,,High Copy,BSL1,None,,"Drew Endy, Keith Shearwin","One-step cloning and chromosomal integration of DNA. St-Pierre F, Cui L, Priest DG, Endy D, Dodd IB, Shearwin KE. ACS Synth Biol. 2013 Sep 20;2(9):537-41. doi: 10.1021/sb400021j. Epub 2013 May 20. 10.1021/sb400021j   PubMed 24050148",we are unaware of any 3rd party property rights on the use of this item,DB3.1
4,"pOSIP-TT (TetR, P21)",,,,pOSIP,TAAACTGCCAGGAATTGGGGATC,GAAACGCAAAAAGGCCATCCGTC,,,,,,,,,Grown at DB3.1,Tetracycline,,,,,,,,,,,,High Copy,BSL1,None,,"Drew Endy, Keith Shearwin","One-step cloning and chromosomal integration of DNA. St-Pierre F, Cui L, Priest DG, Endy D, Dodd IB, Shearwin KE. ACS Synth Biol. 2013 Sep 20;2(9):537-41. doi: 10.1021/sb400021j. Epub 2013 May 20. 10.1021/sb400021j   PubMed 24050148",we are unaware of any 3rd party property rights on the use of this item,DB3.1
5,pBad-Xis/Int Reset Flipper,,,,J64100,pBAD-F,,,,,,,,,,Grown at DH5alpha,Chloramphenicol,,,,Unknown,,,,,,,,Unknown,BSL1,None,,Drew Endy,"Rewritable digital data storage in live cells via engineered control of recombination directionality. Bonnet J, Subsoontorn P, Endy D. Proc Natl Acad Sci U S A. 2012 Jun 5;109(23):8884-9. Epub 2012 May 21. 10.1073/pnas.1202344109   PubMed 22615351",we are unaware of any 3rd party property rights on the use of this item,DH5alpha
6,RAD Module G8-C1,,,,J64100,CAT-R,,,,,,,,,,Grown at DH5alpha,Chloramphenicol,,,,Unknown,,,,,,,,Unknown,BSL1,None,,Drew Endy,"Rewritable digital data storage in live cells via engineered control of recombination directionality. Bonnet J, Subsoontorn P, Endy D. Proc Natl Acad Sci U S A. 2012 Jun 5;109(23):8884-9. Epub 2012 May 21. 10.1073/pnas.1202344109   PubMed 22615351",we are unaware of any 3rd party property rights on the use of this item,DH5alpha
7,pBad-Int Set Flipper,,,,pSB3K1,pBAD-F,,,,,,,,,,Grown at DH5alpha,Kanamycin,,,,Unknown,,,,,,,,Unknown,BSL1,None,,Drew Endy,"Rewritable digital data storage in live cells via engineered control of recombination directionality. Bonnet J, Subsoontorn P, Endy D. Proc Natl Acad Sci U S A. 2012 Jun 5;109(23):8884-9. Epub 2012 May 21. 10.1073/pnas.1202344109   PubMed 22615351",we are unaware of any 3rd party property rights on the use of this item,DH5alpha
8,AND-gate-V2.0,,,,pSB4A5,,,,,,,,,,,Grown at DH5alpha,Ampicillin,,,,,,,,,,,,Low Copy,BSL1,None,,Drew Endy,"Amplifying genetic logic gates. Bonnet J, Yin P, Ortiz ME, Subsoontorn P, Endy D. Science. 2013 May 3;340(6132):599-603. doi: 10.1126/science.1232758. Epub 2013 Mar 28. 10.1126/science.1232758   PubMed 23539178",we are unaware of any 3rd party property rights on the use of this item,DH5alpha
9,OR gate,,,,pSB4A5,,,,,,,,,,,Grown at DH5alpha,Ampicillin,,,,,,,,,,,,Low Copy,BSL1,None,,Drew Endy,"Amplifying genetic logic gates. Bonnet J, Yin P, Ortiz ME, Subsoontorn P, Endy D. Science. 2013 May 3;340(6132):599-603. doi: 10.1126/science.1232758. Epub 2013 Mar 28. 10.1126/science.1232758   PubMed 23539178",we are unaware of any 3rd party property rights on the use of this item,DH5alpha
10,NOR gate-V2.0,,,,pSB4A5,,,,,,,,,,,Grown at DH5alpha,Ampicillin,,,,,,,,,,,,Low Copy,BSL1,None,,Drew Endy,"Amplifying genetic logic gates. Bonnet J, Yin P, Ortiz ME, Subsoontorn P, Endy D. Science. 2013 May 3;340(6132):599-603. doi: 10.1126/science.1232758. Epub 2013 Mar 28. 10.1126/science.1232758   PubMed 23539178",we are unaware of any 3rd party property rights on the use of this item,DH5alpha
11,XOR gate-V2.0,,,,pSB4A5,,,,,,,,,,,Grown at DH5alpha,Ampicillin,,,,,,,,,,,,Low Copy,BSL1,None,,Drew Endy,"Amplifying genetic logic gates. Bonnet J, Yin P, Ortiz ME, Subsoontorn P, Endy D. Science. 2013 May 3;340(6132):599-603. doi: 10.1126/science.1232758. Epub 2013 Mar 28. 10.1126/science.1232758   PubMed 23539178",we are unaware of any 3rd party property rights on the use of this item,DH5alpha
12,Dual-recombinase-controller,,,,J64100,,,,,,,,,,,Grown at DH5alpha,Chloramphenicol,,,,,,,,,,,,High Copy,BSL1,None,,Drew Endy,"Amplifying genetic logic gates. Bonnet J, Yin P, Ortiz ME, Subsoontorn P, Endy D. Science. 2013 May 3;340(6132):599-603. doi: 10.1126/science.1232758. Epub 2013 Mar 28. 10.1126/science.1232758   PubMed 23539178",we are unaware of any 3rd party property rights on the use of this item,DH5alpha
